dim_0,dim_1,epoch,character
0.43715855,0.37006116,0, 
1.581573,-0.15563968,0,e
0.15109134,-1.3494922,0,t
-0.70894444,-0.24338225,0,o
-0.03887383,1.0809844,0,a
0.90879077,0.07887426,0,n
-0.08952116,0.17137258,0,h
-0.15746896,1.9800397,0,i
0.75730693,-0.42737582,0,s
-1.5917616,-0.07361122,0,r
-1.9979472,0.09059091,0,d
0.982176,0.068138056,0,l
-0.099556625,0.80334395,0,u
1.044137,-0.52012765,0,m
0.8058817,1.0866966,0,y
0.25927034,1.8513728,0,w
1.2093186,1.5929683,0,c
0.5640138,-0.67491984,0,f
0.09141378,0.39475566,0,","
1.5457106,-0.3609607,0,g
-0.27226248,0.62785715,0,.
-1.9770651,0.3020163,0,p
-1.0226368,-0.74714863,0,b
-0.5051301,0.463584,0,v
0.07122035,-1.2177619,0,k
1.0489852,-0.98672557,0,I
0.62634057,-1.739613,0,’
-1.1493645,-0.8489328,0,“
0.6009858,-1.5412188,0,”
1.0329226,-0.88129884,0,A
0.3829615,1.4596353,0,T
1.0305423,0.8792528,0,H
0.32856736,-0.07420263,0,?
0.14140484,-1.2538061,0,!
-0.95538443,1.0691961,0,x
1.1713247,-0.24828395,0,S
0.0063628894,0.23263441,0,M
0.95270425,-0.4139321,0,W
1.1716223,1.6208951,0,B
0.7747581,-0.23497157,0,F
-0.27529785,-0.13301833,0,j
0.026622228,0.23825394,0,‐
0.43962663,-1.159601,0,G
0.09952423,1.708459,0,Y
1.8984557,-0.6291782,0,P
-0.21173386,-1.9887606,0,q
0.360546,-1.2416636,0,—
-1.3239378,0.9785103,0,;
-0.72841054,0.37546638,0,K
-0.19037521,0.8099748,0,D
0.92984736,0.18676199,0,O
0.5845764,0.30416635,0,z
1.4423637,1.34799,0,‘
0.97064185,-0.77267474,0,N
-1.0799946,-0.31432408,0,C
-0.73074937,0.44381624,0,L
-0.33503342,-1.1513637,0,_
-0.34511393,-1.8816324,0,R
1.871529,-0.24930508,0,:
0.1050206,-0.7197165,0,E
0.0046193795,-0.21361813,0,V
-0.32706302,-1.445109,0,(
1.6749991,-0.90744305,0,)
-0.4968179,1.0563092,0,Z
1.4613357,-0.07701435,0,J
-1.0376238,0.07800276,0,U
0.06841987,-0.90691733,0,ï
0.75574744,0.72678375,0,ü
-0.95677423,-1.1259103,0,-
0.0,0.0,0,~
0.8555513,1.799554,1, 
1.950232,-0.3312361,1,e
1.1585532,-1.4235781,1,t
-1.8167889,0.7258951,1,o
-0.56023157,0.920604,1,a
0.6459945,-0.13943847,1,n
-1.2116903,-1.0482693,1,h
-0.32578126,1.9723417,1,i
0.9362723,-0.8072371,1,s
-1.0331892,-0.13530567,1,r
-0.1363217,-0.71625185,1,d
-0.42792192,-0.002346372,1,l
-0.77106273,1.4351192,1,u
-0.8218018,-0.62138665,1,m
0.4242728,-1.0059947,1,y
-0.51203537,-0.96744645,1,w
0.2737222,-0.27260906,1,c
0.13821526,-0.37173373,1,f
0.5164854,-1.9321599,1,","
-0.044032924,-0.48492482,1,g
-0.55888873,-1.9163406,1,.
-0.79517806,-0.26116848,1,p
-1.8031646,-0.38631517,1,b
-1.7491095,-0.8218019,1,v
-1.135401,-0.62848514,1,k
1.8823806,0.65802854,1,I
0.9979436,0.11738737,1,’
0.4709115,1.231111,1,“
0.388104,-1.8648297,1,”
1.9928541,0.16891368,1,A
1.2537196,-1.5284487,1,T
-1.6612082,-1.1137266,1,H
-0.45549136,-1.9469681,1,?
-0.29809722,-1.9776597,1,!
0.3842291,-0.25887972,1,x
1.0899075,-0.74946594,1,S
-0.4549469,-0.10317789,1,M
-0.5672857,-0.92965746,1,W
0.7402281,0.45531294,1,B
0.036135353,0.17965579,1,F
-1.002289,-0.30909818,1,j
0.6667744,1.418867,1,‐
-0.86220634,0.35506916,1,G
0.41969705,-0.88757694,1,Y
-0.81410503,-0.18863353,1,P
-1.999475,-0.045820888,1,q
0.93875396,1.6329517,1,—
0.5900693,-1.7391083,1,;
-0.21852392,-0.34053153,1,K
0.09864418,-0.5461875,1,D
-1.6996219,0.8329884,1,O
-1.3431437,-0.46085718,1,z
0.43454015,1.2442427,1,‘
0.71972215,-0.16942066,1,N
0.2836583,0.11955774,1,C
-0.14895448,0.05407012,1,L
1.1979816,-0.67248017,1,_
-0.8644181,-0.020453535,1,R
0.26669014,-1.8447189,1,:
-1.6749855,0.46139854,1,E
-0.29755518,0.44467792,1,V
0.98186076,1.6275839,1,(
0.6948786,-0.8709068,1,)
-0.4920762,-0.040357053,1,Z
1.2195773,-0.25788206,1,J
-0.6743801,1.4168042,1,U
1.8463925,-0.4488122,1,ï
-0.1925639,1.3567172,1,ü
-1.1368906,-0.8478843,1,-
0.0,0.0,1,~
0.7858554,1.7966677,2, 
1.9153957,-0.33111653,2,e
1.1190923,-1.5059973,2,t
-1.8265871,0.70401806,2,o
-0.6480979,0.89041656,2,a
0.600228,-0.10211401,2,n
-1.1321418,-0.970157,2,h
-0.5127758,1.9331478,2,i
0.9794162,-0.75323147,2,s
-0.9830961,-0.118966244,2,r
-0.1703011,-0.6555229,2,d
-0.38565528,-0.027345633,2,l
-0.8676315,1.4058193,2,u
-0.8134373,-0.54348654,2,m
0.3495026,-1.0120627,2,y
-0.49322528,-0.99271494,2,w
0.26391956,-0.23351341,2,c
0.09147577,-0.34772816,2,f
0.57281893,-1.9072407,2,","
-0.05964095,-0.49661973,2,g
-0.52855563,-1.9247386,2,.
-0.84583205,-0.2925354,2,p
-1.8685973,-0.4221539,2,b
-1.780911,-0.88938934,2,v
-1.1419718,-0.65159714,2,k
1.7630332,0.69297636,2,I
0.95493364,0.14807917,2,’
0.53096586,1.258201,2,“
0.42304647,-1.577166,2,”
1.9782833,0.14379139,2,A
1.2249147,-1.5799935,2,T
-1.5528915,-1.1123943,2,H
-0.34531677,-1.9360077,2,?
-0.08266534,-1.9633183,2,!
0.5178335,-0.42096588,2,x
0.9871217,-0.8822117,2,S
-0.61140376,0.15635303,2,M
-0.5844774,-0.99949783,2,W
0.46603692,0.42996532,2,B
0.058191676,0.31343183,2,F
-1.1053838,-0.33616012,2,j
0.6643951,1.4804609,2,‐
-0.9989691,0.41403672,2,G
0.3360324,-1.0610509,2,Y
-0.8350286,-0.33472565,2,P
-1.9893041,-0.011016344,2,q
0.90812397,1.7764063,2,—
0.6413696,-1.8124828,2,;
-0.271454,-0.33897603,2,K
0.07676727,-0.6844349,2,D
-1.6909417,0.92432094,2,O
-1.150707,-0.33010545,2,z
0.52929056,1.2592844,2,‘
0.81968737,-0.26993242,2,N
0.24871297,0.05973786,2,C
-0.15974434,-0.12633036,2,L
1.1616523,-0.5979819,2,_
-1.0424472,0.20321265,2,R
0.11701537,-1.359458,2,:
-1.8717772,0.6371084,2,E
-0.5122616,0.23513095,2,V
0.7609984,1.5671157,2,(
1.1762592,-0.5533221,2,)
-0.63151705,-0.20622689,2,Z
0.3715019,0.2247352,2,J
-1.0797209,1.5847408,2,U
1.8968011,-0.46473405,2,ï
0.059928183,1.0420938,2,ü
-0.94137245,-0.95084184,2,-
0.0,0.0,2,~
0.7622701,1.7996294,3, 
1.9460756,-0.302704,3,e
1.170602,-1.4331695,3,t
-1.873854,0.6990496,3,o
-0.63799644,0.84881914,3,a
0.61636156,-0.10394101,3,n
-1.1584768,-1.0413625,3,h
-0.5546932,1.8924298,3,i
0.9396511,-0.67846,3,s
-1.0603619,-0.108490564,3,r
-0.17611174,-0.6379118,3,d
-0.35614714,0.01169578,3,l
-0.9232023,1.4104656,3,u
-0.84130317,-0.5715116,3,m
0.37725148,-1.020881,3,y
-0.51654345,-0.9802653,3,w
0.28642905,-0.22402997,3,c
0.10711279,-0.26732993,3,f
0.6539065,-1.8900809,3,","
-0.04196891,-0.49337426,3,g
-0.42648014,-1.95246,3,.
-0.8147463,-0.27057287,3,p
-1.8289871,-0.44130337,3,b
-1.7070569,-0.82049733,3,v
-1.1576309,-0.670377,3,k
1.7287881,0.8192073,3,I
0.81912595,0.16730352,3,’
0.53670675,1.3252338,3,“
0.4510415,-1.5407466,3,”
1.9527309,0.31281745,3,A
1.2937721,-1.5251731,3,T
-1.643723,-1.1393744,3,H
-0.45809826,-1.945803,3,?
-0.08982707,-1.967582,3,!
0.53133446,-0.5073096,3,x
0.9516757,-0.8144644,3,S
-0.62812924,0.054332312,3,M
-0.3249827,-0.96344703,3,W
0.5332964,0.31759965,3,B
0.10384378,0.21797828,3,F
-1.4070985,-0.23452076,3,j
0.55700755,1.649778,3,‐
-0.82038045,0.37024537,3,G
0.3082646,-1.0673999,3,Y
-0.9474419,-0.47796416,3,P
-1.9999973,-0.0032350712,3,q
0.74689704,1.763,3,—
0.70425516,-1.8322608,3,;
-0.3686928,-0.412778,3,K
0.0068600196,-0.7430876,3,D
-1.8357202,0.7374049,3,O
-1.0487485,-0.33998817,3,z
0.49706134,1.1400015,3,‘
0.86177313,-0.20267442,3,N
0.3174528,0.007913639,3,C
-0.21953353,-0.18499115,3,L
1.6876364,-0.42763042,3,_
-1.057277,0.13694458,3,R
-0.02314037,-1.580464,3,:
-1.865707,0.72051144,3,E
-0.28075096,0.37033102,3,V
0.5914127,1.3344711,3,(
0.84429735,-0.94285405,3,)
-0.45391184,0.112074666,3,Z
-0.25739658,0.32920745,3,J
-1.1839728,1.6118957,3,U
1.7460293,-0.6047658,3,ï
-0.33246017,1.2783636,3,ü
-0.84099984,-0.55522984,3,-
0.0,0.0,3,~
0.6995948,1.8477283,4, 
1.9815423,-0.2322118,4,e
1.1771343,-1.3494812,4,t
-1.8427274,0.65659505,4,o
-0.6126056,0.87278104,4,a
0.6087072,-0.061398387,4,n
-1.2143092,-1.0778911,4,h
-0.6493132,1.8394246,4,i
1.0004724,-0.67870575,4,s
-0.9746169,-0.096723154,4,r
-0.19701456,-0.6670546,4,d
-0.42040578,0.00072456745,4,l
-0.9034142,1.377157,4,u
-0.7613916,-0.58249414,4,m
0.4084336,-0.9911152,4,y
-0.50694454,-0.9517297,4,w
0.25106987,-0.23419397,4,c
0.07241912,-0.2629696,4,f
0.60409635,-1.8959748,4,","
-0.040193755,-0.51656735,4,g
-0.3553043,-1.9681866,4,.
-0.803151,-0.3099869,4,p
-1.8640085,-0.50316,4,b
-1.6175474,-0.85113186,4,v
-1.0993139,-0.5977907,4,k
1.6124645,0.90024656,4,I
0.9031493,0.10855669,4,’
0.53834534,1.3650323,4,“
0.54534054,-1.6356816,4,”
1.9599992,0.3979984,4,A
1.2604579,-1.5129477,4,T
-1.4339688,-1.2138028,4,H
-0.21385455,-1.977663,4,?
-0.37486377,-1.9558492,4,!
0.7057069,-0.622524,4,x
0.9419215,-0.8147993,4,S
-0.67941546,-0.084323585,4,M
-0.52033454,-1.0272167,4,W
0.56457496,0.25925916,4,B
0.104680136,0.23482513,4,F
-1.2617419,-0.39084807,4,j
0.5245325,1.7229193,4,‐
-0.94971275,0.32700738,4,G
0.25976485,-1.072414,4,Y
-0.86549395,-0.4521611,4,P
-1.9987141,-0.021148218,4,q
0.6715668,1.8802605,4,—
0.6724501,-1.7540394,4,;
-0.3052517,-0.42421627,4,K
-0.13831846,-0.5731157,4,D
-1.6280253,0.69485986,4,O
-0.999811,-0.4206423,4,z
0.5221633,1.3268338,4,‘
1.0568845,-0.014881724,4,N
0.32297534,0.07512962,4,C
-0.3506417,-0.11828395,4,L
1.672959,-0.56288624,4,_
-0.9723736,0.115420446,4,R
0.2150848,-1.5810778,4,:
-1.8453388,0.67132485,4,E
-0.32069522,0.47613493,4,V
0.7319684,1.7984315,4,(
0.57263446,-1.1136773,4,)
-0.48788762,-0.21008785,4,Z
0.36305237,0.14316192,4,J
-0.9905044,1.6344446,4,U
1.456058,-0.13439626,4,ï
-0.42044613,1.5127206,4,ü
-0.72302413,-0.39893898,4,-
0.0,0.0,4,~
0.6735222,1.8831804,5, 
1.9472375,-0.25749147,5,e
1.2069302,-1.3020538,5,t
-1.8833753,0.6354055,5,o
-0.6701821,0.8352172,5,a
0.6019806,-0.06847566,5,n
-1.1595435,-1.0615126,5,h
-0.6765666,1.8589834,5,i
0.92983127,-0.6933222,5,s
-1.0190486,-0.09003519,5,r
-0.16609892,-0.6592127,5,d
-0.36776963,-0.038204256,5,l
-0.9056716,1.2941842,5,u
-0.77527183,-0.6102118,5,m
0.41709167,-1.0069062,5,y
-0.50235593,-0.90950155,5,w
0.25680634,-0.17395644,5,c
0.12175802,-0.27051616,5,f
0.68764335,-1.8780699,5,","
-0.073898286,-0.436741,5,g
-0.3519946,-1.9394473,5,.
-0.7965202,-0.28455454,5,p
-1.8148577,-0.5168659,5,b
-1.5563846,-0.8399739,5,v
-1.11349,-0.6628754,5,k
1.5627402,0.9395988,5,I
0.8463017,0.1969931,5,’
0.38891235,1.3629428,5,“
0.6107013,-1.6780272,5,”
1.9620206,0.3879103,5,A
1.2359401,-1.5232829,5,T
-1.5153719,-1.2174977,5,H
-0.3227233,-1.888452,5,?
-0.2942069,-1.9782423,5,!
0.6192491,-0.60116225,5,x
0.86321527,-0.7683049,5,S
-0.76973623,-0.08197997,5,M
-0.46082187,-0.9479568,5,W
0.5234238,0.30538446,5,B
0.024435716,0.24967386,5,F
-1.3666052,-0.34185064,5,j
0.43066996,1.6935657,5,‐
-1.0426213,0.25606513,5,G
0.3532327,-0.9875811,5,Y
-0.89224166,-0.41379628,5,P
-1.9999582,-0.012915971,5,q
0.6531891,1.87312,5,—
0.37755033,-1.9298389,5,;
-0.27525818,-0.34622666,5,K
0.014229652,-0.6832826,5,D
-1.6870306,0.7068937,5,O
-1.1110113,-0.5057919,5,z
0.35550088,1.2909933,5,‘
0.74192697,-0.060460865,5,N
0.42126408,0.12474968,5,C
-0.20751181,0.0003153989,5,L
1.6425569,-0.6192675,5,_
-1.0518267,0.052038044,5,R
0.08116848,-1.6735978,5,:
-1.8703488,0.61869144,5,E
0.17861983,0.9116438,5,V
0.5373833,1.4454494,5,(
0.76340586,-1.1227676,5,)
-0.4174003,0.099240355,5,Z
0.46662122,0.15870966,5,J
-0.9568008,1.7124634,5,U
0.89447033,-0.12710963,5,ï
-0.4245609,1.3454119,5,ü
0.017016862,-1.2525761,5,-
0.0,0.0,5,~
0.67025745,1.8831867,6, 
1.9319851,-0.21709706,6,e
1.1614611,-1.3136758,6,t
-1.8638892,0.6069205,6,o
-0.6222096,0.8271438,6,a
0.5823287,-0.08199439,6,n
-1.141022,-1.0377649,6,h
-0.6803784,1.8594328,6,i
0.9604437,-0.692473,6,s
-0.97952455,-0.09191596,6,r
-0.14154844,-0.6991245,6,d
-0.36892992,-0.008625461,6,l
-0.9300072,1.2974609,6,u
-0.75749713,-0.5749968,6,m
0.42601585,-0.91517276,6,y
-0.43917906,-0.94453895,6,w
0.2656471,-0.1601911,6,c
0.120294295,-0.32749334,6,f
0.70752853,-1.8610253,6,","
-0.06269728,-0.46504566,6,g
-0.30610862,-1.8848971,6,.
-0.81429017,-0.2817696,6,p
-1.8007511,-0.57430446,6,b
-1.66494,-0.90407586,6,v
-1.1332606,-0.5679237,6,k
1.5675566,0.9745085,6,I
0.8884784,0.17528044,6,’
0.44007063,1.4413902,6,“
0.5710286,-1.6168157,6,”
1.9478123,0.43096122,6,A
1.1512609,-1.5720329,6,T
-1.3685973,-1.2378125,6,H
-0.21701545,-1.9881911,6,?
-0.043815337,-1.9995201,6,!
0.7474595,-0.5805761,6,x
0.99706566,-0.7431074,6,S
-0.76544833,0.09911431,6,M
-0.46016824,-0.92423016,6,W
0.5036189,0.3436614,6,B
0.12880696,0.26880428,6,F
-1.4069877,-0.3202606,6,j
0.4560842,1.81981,6,‐
-0.9793588,0.11903154,6,G
0.3883405,-1.0106429,6,Y
-0.8891317,-0.41752973,6,P
-1.9996763,-0.035969097,6,q
0.7202737,1.8230273,6,—
0.5567746,-1.9209377,6,;
-0.15446374,-0.2405902,6,K
-0.018902889,-0.65362734,6,D
-1.7728746,0.56268585,6,O
-1.1274599,-0.40889877,6,z
0.48169357,1.449774,6,‘
0.6495424,-0.0642159,6,N
0.32772213,-0.046180133,6,C
-0.24487801,0.06813444,6,L
1.353189,-0.5173593,6,_
-1.0179101,0.12723576,6,R
0.57804585,-1.5894215,6,:
-1.8353319,0.5827597,6,E
0.4470868,1.7747204,6,V
0.86161035,1.7894521,6,(
0.39661565,-1.0280827,6,)
-0.4439489,0.13708657,6,Z
-1.1437606,-0.5325454,6,J
-0.92203456,1.7103673,6,U
0.6979343,-0.117153145,6,ï
-0.54018545,1.1051967,6,ü
-0.014475272,-1.170465,6,-
0.0,0.0,6,~
0.6915712,1.8752831,7, 
1.9688941,-0.225113,7,e
1.1887171,-1.3035101,7,t
-1.8577682,0.53867126,7,o
-0.6576369,0.84698766,7,a
0.5917529,-0.05094875,7,n
-1.1161859,-1.0850756,7,h
-0.69407636,1.8206234,7,i
0.97979265,-0.66433966,7,s
-0.99823415,-0.12129448,7,r
-0.1407319,-0.66793,7,d
-0.38542575,-0.025841756,7,l
-0.95460504,1.2966211,7,u
-0.78798556,-0.6023125,7,m
0.41213474,-0.9747215,7,y
-0.43087068,-0.9395073,7,w
0.3148149,-0.19624263,7,c
0.12556957,-0.26834372,7,f
0.7585312,-1.8177683,7,","
-0.055959277,-0.49049297,7,g
-0.35086867,-1.9272102,7,.
-0.81244975,-0.34950617,7,p
-1.7721289,-0.6017624,7,b
-1.5972385,-0.8596293,7,v
-1.090508,-0.6610861,7,k
1.5378568,0.94374716,7,I
0.8186554,0.25497958,7,’
0.4766219,1.3474749,7,“
0.48272783,-1.6713622,7,”
1.833425,0.43989438,7,A
1.1956315,-1.4086951,7,T
-1.4480447,-1.2401645,7,H
-0.16194373,-1.9934326,7,?
-0.12992637,-1.8568281,7,!
0.8424987,-0.74903023,7,x
1.0208504,-0.7056379,7,S
-0.72755855,0.021627363,7,M
-0.5058123,-0.94614714,7,W
0.5553534,0.4021076,7,B
0.0537644,0.067152694,7,F
-1.364798,-0.24413875,7,j
0.40344858,1.7951058,7,‐
-0.9954953,0.18714108,7,G
0.36686978,-0.96258026,7,Y
-0.8240947,-0.3503425,7,P
-1.9998909,-0.020896126,7,q
0.77492297,1.8436152,7,—
0.781066,-1.8411778,7,;
-0.24706842,-0.22945648,7,K
-0.0037029402,-0.66205114,7,D
-1.7582463,0.59331405,7,O
-1.122982,-0.44712675,7,z
0.428661,1.5388834,7,‘
0.9542286,0.003931865,7,N
0.2849371,0.029998688,7,C
-0.33850542,0.2799323,7,L
1.5900452,-0.40166584,7,_
-1.0580149,0.05515373,7,R
0.23669891,-1.9795923,7,:
-1.6703666,0.9156938,7,E
0.15477829,1.9940019,7,V
0.86384094,1.6779603,7,(
0.45759696,-0.9022768,7,)
-0.36063018,0.012858648,7,Z
-1.3455225,-0.27970603,7,J
0.23141,1.431609,7,U
0.9496902,0.021742657,7,ï
-0.5349903,1.5661768,7,ü
-0.6245443,-1.0663868,7,-
0.0,0.0,7,~
0.63251424,1.879565,8, 
1.9317288,-0.18945648,8,e
1.2247981,-1.2879137,8,t
-1.8700303,0.5228235,8,o
-0.67876315,0.8331472,8,a
0.5799045,-0.040150557,8,n
-1.0692633,-1.0543989,8,h
-0.71593297,1.7853931,8,i
0.98356646,-0.62134016,8,s
-0.99363816,-0.12789507,8,r
-0.10649856,-0.6704159,8,d
-0.4297984,-0.028249323,8,l
-0.99030614,1.2441258,8,u
-0.7794957,-0.6469758,8,m
0.41912234,-0.93540925,8,y
-0.45076057,-0.9295295,8,w
0.24725886,-0.18503405,8,c
0.08145794,-0.2852837,8,f
0.77931434,-1.8239883,8,","
-0.06675045,-0.44550985,8,g
-0.30852532,-1.9760597,8,.
-0.7867888,-0.27435836,8,p
-1.8578044,-0.58729804,8,b
-1.536986,-0.8864689,8,v
-1.0637138,-0.5948941,8,k
1.6170018,0.9902151,8,I
0.84797454,0.2282087,8,’
0.47925994,1.3588332,8,“
0.44095916,-1.5427276,8,”
1.9450586,0.4655599,8,A
1.2068363,-1.5516127,8,T
-1.4302301,-1.2943385,8,H
-0.20000182,-1.9899746,8,?
-0.15168355,-1.781499,8,!
0.8669929,-0.73356086,8,x
0.9572623,-0.7411431,8,S
-0.7094129,-0.1167344,8,M
-0.43963867,-1.0182455,8,W
0.5325667,0.43155894,8,B
0.01096441,0.26642138,8,F
-1.3448195,-0.3013014,8,j
0.46342546,1.8332424,8,‐
-1.0530893,0.25235632,8,G
0.22472322,-0.9237911,8,Y
-0.9010626,-0.40600702,8,P
-1.991398,-0.1852928,8,q
0.4769644,1.6182011,8,—
0.7482194,-1.7455121,8,;
-0.20939122,-0.28232223,8,K
0.13200429,-0.7304975,8,D
-1.7084442,0.46986878,8,O
-0.82779026,-0.29636627,8,z
0.5559645,1.3914428,8,‘
0.7892811,0.014389513,8,N
0.34676763,0.14479369,8,C
-0.37722173,0.1747645,8,L
1.7762315,-0.3744492,8,_
-0.96736157,0.058727525,8,R
0.40852466,-1.658513,8,:
-1.8673152,0.66952306,8,E
0.92215747,0.62966406,8,V
0.82221586,1.7894772,8,(
1.0708131,-0.5893192,8,)
-0.3633452,0.06757668,8,Z
-0.79878026,-0.21390478,8,J
1.5140467,1.0975441,8,U
0.6062599,-0.06545049,8,ï
-0.54549354,1.6400169,8,ü
0.029676508,-1.7563349,8,-
0.0,0.0,8,~
0.6267722,1.8911065,9, 
1.9365528,-0.09501282,9,e
1.1827154,-1.2667651,9,t
-1.8699828,0.55411637,9,o
-0.66735494,0.7804603,9,a
0.60706174,-0.046872523,9,n
-1.054161,-1.0492687,9,h
-0.6886344,1.7943901,9,i
0.93397677,-0.6268511,9,s
-1.0351096,-0.17096244,9,r
-0.13354072,-0.6568906,9,d
-0.42274407,-0.04175923,9,l
-0.9930372,1.2589344,9,u
-0.76093453,-0.6250857,9,m
0.4292349,-0.9412095,9,y
-0.4131685,-0.9212661,9,w
0.26095486,-0.17558686,9,c
0.09765864,-0.25061086,9,f
0.79799384,-1.8156896,9,","
-0.056171894,-0.41531834,9,g
-0.2629333,-1.9826411,9,.
-0.812429,-0.32551596,9,p
-1.8611702,-0.5678009,9,b
-1.5823148,-0.8934749,9,v
-1.055741,-0.6559522,9,k
1.4704584,1.0375773,9,I
0.870606,0.21271488,9,’
0.47459134,1.382709,9,“
0.58466595,-1.3797268,9,”
1.9542164,0.4254859,9,A
1.2210294,-1.5109037,9,T
-1.4772257,-1.2758217,9,H
-0.21035849,-1.9883012,9,?
-0.10517095,-1.9457717,9,!
0.91966605,-0.70071614,9,x
0.94709057,-0.7276163,9,S
-0.70301557,-0.032956388,9,M
-0.37342778,-0.9281154,9,W
0.60384333,0.36296767,9,B
0.027082207,0.2847544,9,F
-1.4781708,-0.27901047,9,j
0.47189796,1.5945143,9,‐
-1.065781,0.23824053,9,G
0.38428214,-0.9719904,9,Y
-0.8191937,-0.36367816,9,P
-1.9839058,-0.17806347,9,q
0.90438014,1.7191303,9,—
0.9055764,-1.7825397,9,;
-0.28747103,-0.21501027,9,K
0.062329542,-0.7666041,9,D
-1.8046273,0.6732845,9,O
-0.9844734,-0.37344944,9,z
0.42366526,1.4148389,9,‘
0.9220903,-0.013497988,9,N
0.2188474,0.12628254,9,C
-0.33553278,0.20732217,9,L
1.3196455,0.04100521,9,_
-1.03519,0.022161385,9,R
0.24005151,-1.8327233,9,:
-1.7811035,0.8506228,9,E
1.2896191,0.107589714,9,V
0.5663518,1.5959332,9,(
0.6409167,-0.5652201,9,)
-0.40065467,-0.009172943,9,Z
-0.97366524,-0.4302552,9,J
1.8770478,-0.24311136,9,U
0.6820751,0.0078947935,9,ï
-0.6575023,1.4747001,9,ü
-0.35374403,-1.5811874,9,-
0.0,0.0,9,~
0.62316674,1.9004375,10, 
1.9424399,-0.10432369,10,e
1.1920679,-1.2287917,10,t
-1.8739535,0.55656475,10,o
-0.64910346,0.8109564,10,a
0.61564213,-0.046653457,10,n
-1.0727023,-1.0514367,10,h
-0.7649059,1.7539921,10,i
0.9793849,-0.59150195,10,s
-1.0031632,-0.13304156,10,r
-0.083913624,-0.64263755,10,d
-0.46092087,-0.010246437,10,l
-1.0353835,1.3086762,10,u
-0.7475064,-0.6042847,10,m
0.45631823,-0.9701503,10,y
-0.38296995,-0.94068503,10,w
0.26177546,-0.18444876,10,c
0.095861055,-0.2281232,10,f
0.74913013,-1.8505732,10,","
-0.1137604,-0.46591255,10,g
-0.31407756,-1.9751847,10,.
-0.8399435,-0.3028229,10,p
-1.8218685,-0.5696177,10,b
-1.516071,-0.9129749,10,v
-1.0896045,-0.57172066,10,k
1.4925252,1.0131811,10,I
0.9177212,0.29570603,10,’
0.49119833,1.3986391,10,“
0.5895797,-1.5564568,10,”
1.9133657,0.48400348,10,A
1.3046588,-1.362136,10,T
-1.5410135,-1.2748636,10,H
-0.18084392,-1.9918071,10,?
-0.057036664,-1.9991865,10,!
0.9844569,-0.62504816,10,x
0.93007624,-0.7532393,10,S
-0.6609674,-0.12077659,10,M
-0.3687728,-0.9531778,10,W
0.6041867,0.4070615,10,B
-0.040194273,0.08739659,10,F
-1.4391563,-0.36474416,10,j
0.32080624,1.681748,10,‐
-1.0515451,0.3010354,10,G
0.40995052,-0.9205419,10,Y
-0.8607782,-0.38854194,10,P
-1.864818,-0.12856892,10,q
0.8433496,1.7242299,10,—
0.82018644,-1.8127062,10,;
-0.23431651,-0.26996192,10,K
-0.08184765,-0.60210246,10,D
-1.8924649,0.47333193,10,O
-1.0517033,-0.3991642,10,z
0.4846047,1.484346,10,‘
0.94010544,-0.008287602,10,N
0.4418266,0.1443599,10,C
-0.46156648,0.27108,10,L
1.7678764,-0.3002924,10,_
-1.0512105,0.047248058,10,R
0.48312148,-1.8629218,10,:
-1.9182873,0.5658391,10,E
1.6610415,-0.32810935,10,V
0.7548543,1.847813,10,(
0.3180085,-0.87187195,10,)
-0.46564877,-0.015215167,10,Z
-1.4646804,-0.28427336,10,J
1.957926,0.38730264,10,U
0.8355322,-0.04239491,10,ï
-0.7134371,1.5687557,10,ü
-0.74956924,-1.6672088,10,-
0.0,0.0,10,~
0.5814751,1.8760595,11, 
1.9787014,-0.1367412,11,e
1.1572198,-1.1530848,11,t
-1.8536856,0.54323256,11,o
-0.66606027,0.8398222,11,a
0.62715524,-0.05058194,11,n
-1.0496314,-1.0327948,11,h
-0.72568196,1.8588763,11,i
0.95656615,-0.59830683,11,s
-1.0207077,-0.11069177,11,r
-0.09538678,-0.64437246,11,d
-0.34691247,0.0077462588,11,l
-1.0123376,1.3472047,11,u
-0.7111406,-0.59974086,11,m
0.47798112,-0.9405491,11,y
-0.43397596,-0.89963895,11,w
0.29645345,-0.18249914,11,c
0.1305845,-0.21849754,11,f
0.9031545,-1.7818233,11,","
-0.028710863,-0.41001254,11,g
-0.32897943,-1.9727333,11,.
-0.84571064,-0.3193375,11,p
-1.8498564,-0.6026179,11,b
-1.5500939,-0.8900727,11,v
-1.0709404,-0.61519665,11,k
1.5356534,0.9966477,11,I
0.84441113,0.28330544,11,’
0.4181168,1.4007486,11,“
0.58703613,-1.4196357,11,”
1.9334271,0.51094097,11,A
1.3797476,-1.2527255,11,T
-1.3504447,-1.3206125,11,H
-0.14370634,-1.9735686,11,?
-0.041080024,-1.9995778,11,!
1.0920092,-0.5896906,11,x
0.9827514,-0.6860345,11,S
-0.69258857,-0.009291591,11,M
-0.35542122,-0.9443679,11,W
0.6137206,0.3547261,11,B
-0.072376415,0.06426068,11,F
-1.5924705,-0.31273726,11,j
0.4922353,1.7129977,11,‐
-1.0777576,0.2888759,11,G
0.3431265,-0.9012251,11,Y
-0.9627616,-0.4805602,11,P
-1.960738,-0.30758232,11,q
0.5707543,1.8693215,11,—
0.954085,-1.7577604,11,;
-0.20470777,-0.27825728,11,K
-0.05455426,-0.60462064,11,D
-1.9012185,0.43955928,11,O
-0.8950651,-0.27339336,11,z
0.36465746,1.3752116,11,‘
0.86551535,-0.81414646,11,N
0.33388627,0.01668648,11,C
-0.2286643,0.07129454,11,L
1.0166111,1.3167753,11,_
-0.9885308,-0.035242658,11,R
0.4560735,-1.8741529,11,:
-1.8329422,0.54084784,11,E
1.4494485,0.14005953,11,V
0.8363068,1.7227031,11,(
0.8052197,-0.5230663,11,)
-0.39860085,0.05859696,11,Z
-1.0422652,-0.37046596,11,J
1.9957868,-0.12974864,11,U
1.044886,0.029182836,11,ï
-0.8600106,1.7144125,11,ü
-0.804767,-1.6899418,11,-
0.0,0.0,11,~
0.60699475,1.9024203,12, 
1.9359092,-0.07060554,12,e
1.2415271,-1.2038883,12,t
-1.9061661,0.48941883,12,o
-0.7057436,0.8353456,12,a
0.5939259,-0.055473458,12,n
-1.0066644,-1.0929866,12,h
-0.75531363,1.8011954,12,i
1.011464,-0.5474977,12,s
-0.9854924,-0.11709191,12,r
-0.09501779,-0.64635235,12,d
-0.40314636,-0.011341959,12,l
-0.9762425,1.2804132,12,u
-0.7360721,-0.61105865,12,m
0.45513412,-0.95035684,12,y
-0.4374509,-0.8899751,12,w
0.30023208,-0.130221,12,c
0.09632827,-0.20839362,12,f
0.85977226,-1.7807492,12,","
0.005235153,-0.453725,12,g
-0.19005989,-1.9505106,12,.
-0.77898365,-0.31130546,12,p
-1.82873,-0.6165515,12,b
-1.5381762,-0.91858596,12,v
-1.1319861,-0.65311456,12,k
1.6081156,1.0476184,12,I
0.82709086,0.24288172,12,’
0.3503396,1.4484763,12,“
0.49516827,-1.5312282,12,”
1.8998301,0.4445095,12,A
1.3323365,-1.4642935,12,T
-1.4787314,-1.343024,12,H
-0.070128195,-1.99877,12,?
-0.081592366,-1.9642878,12,!
1.076883,-0.69579345,12,x
1.0877128,-0.6987777,12,S
-0.67341053,-0.11550088,12,M
-0.34121636,-0.9945869,12,W
0.5603657,0.37118623,12,B
0.03655118,0.3269845,12,F
-1.3770536,-0.47693464,12,j
0.41313446,1.8200326,12,‐
-1.0189568,0.29541376,12,G
0.32503545,-1.0278372,12,Y
-0.94842273,-0.40121952,12,P
-1.9961942,-0.12331875,12,q
0.72036815,1.8657624,12,—
0.8467383,-1.6913956,12,;
-0.07928052,-0.14222452,12,K
-0.04068713,-0.6805847,12,D
-1.5881559,0.6127641,12,O
-0.919606,-0.22419758,12,z
0.44738808,1.471909,12,‘
0.82404894,-0.06452846,12,N
0.31366825,-0.012549176,12,C
-0.44717726,0.32410374,12,L
0.83838177,1.2060833,12,_
-1.0761697,0.049193267,12,R
0.30834645,-1.9629587,12,:
-1.8468666,0.34361258,12,E
1.1964481,0.054992475,12,V
0.76346517,1.716955,12,(
0.79842544,-0.82699066,12,)
-0.45553276,0.41873613,12,Z
-1.272125,-0.6616602,12,J
1.7143104,0.3037965,12,U
0.84683704,0.24379401,12,ï
-0.8956938,1.6860843,12,ü
-0.98909926,-1.5192991,12,-
0.0,0.0,12,~
0.6279906,1.8934208,13, 
1.9925267,-0.06419294,13,e
1.223107,-1.1666062,13,t
-1.895366,0.48657238,13,o
-0.6330186,0.7983615,13,a
0.6406862,-0.038600523,13,n
-1.0465851,-1.0983481,13,h
-0.78950626,1.8115177,13,i
1.0372603,-0.5962806,13,s
-0.9161029,-0.118164085,13,r
-0.072920844,-0.63857156,13,d
-0.37486902,-0.018331707,13,l
-0.9809403,1.3603044,13,u
-0.7105306,-0.5984315,13,m
0.53997034,-0.9829943,13,y
-0.4475789,-0.9060686,13,w
0.36000976,-0.14102806,13,c
0.098818034,-0.18347764,13,f
0.9126402,-1.7796313,13,","
-0.047883295,-0.4077097,13,g
-0.21376774,-1.9225438,13,.
-0.8115802,-0.3566008,13,p
-1.8276436,-0.65641624,13,b
-1.5902365,-0.9329387,13,v
-1.0905315,-0.6272428,13,k
1.5687548,1.0320042,13,I
0.8082588,0.22318894,13,’
0.5315089,1.5036176,13,“
0.64597,-1.4406059,13,”
1.9099399,0.5934047,13,A
1.4306635,-1.3580478,13,T
-1.4910849,-1.2884429,13,H
-0.23291261,-1.963316,13,?
-0.0874934,-1.9980854,13,!
1.1941026,-0.8412012,13,x
1.1310166,-0.63607943,13,S
-0.66747504,-0.014608344,13,M
-0.40995955,-1.0088768,13,W
0.5714164,0.3638363,13,B
0.15170844,0.64980525,13,F
-1.4362633,-0.2894239,13,j
0.19316849,1.8624091,13,‐
-0.9657831,0.21774645,13,G
0.2938694,-0.9326896,13,Y
-0.890682,-0.34096795,13,P
-1.9882774,-0.14314963,13,q
0.8244404,1.8056169,13,—
0.8996255,-1.7862457,13,;
-0.09891803,-0.11413431,13,K
0.10249661,-0.67769,13,D
-1.6355125,0.6403927,13,O
-1.0522972,-0.48975262,13,z
0.53998613,1.5699645,13,‘
0.7816491,-0.1698568,13,N
0.3130879,0.014882863,13,C
-0.32483497,-0.08969429,13,L
1.3529451,1.2215803,13,_
-1.1910762,-0.059068207,13,R
0.38991287,-1.8743954,13,:
-1.5921915,1.0600091,13,E
1.217936,0.17088053,13,V
0.5416155,1.8254268,13,(
0.8360527,-0.7549569,13,)
-0.2746821,-0.14991233,13,Z
-1.7305862,0.13655104,13,J
1.9107932,0.24266788,13,U
0.6461843,0.22652975,13,ï
-0.65176654,1.1825384,13,ü
-0.6347726,-1.8965927,13,-
0.0,0.0,13,~
0.6030965,1.8908997,14, 
1.9622695,-0.04920193,14,e
1.2447492,-1.2254536,14,t
-1.8815609,0.5049537,14,o
-0.66418666,0.8316509,14,a
0.6714718,-0.028027989,14,n
-1.0477335,-1.0803078,14,h
-0.8220692,1.8133355,14,i
1.0250534,-0.5371417,14,s
-0.9220584,-0.1224788,14,r
-0.06880138,-0.6313504,14,d
-0.42433077,-0.06166691,14,l
-0.9299684,1.2947637,14,u
-0.665098,-0.6230642,14,m
0.5487321,-0.92163366,14,y
-0.40954533,-0.91236633,14,w
0.32781512,-0.15847783,14,c
0.12484604,-0.26404104,14,f
0.7947535,-1.8344193,14,","
-0.017115956,-0.42373037,14,g
-0.2161145,-1.9797156,14,.
-0.76609254,-0.29164198,14,p
-1.8263394,-0.66718966,14,b
-1.4876431,-0.8436329,14,v
-1.0195156,-0.60251826,14,k
1.6089337,1.0493758,14,I
0.83750254,0.24097764,14,’
0.5036557,1.3647895,14,“
0.7657233,-1.3060983,14,”
1.9508661,0.440592,14,A
1.4714844,-1.2547123,14,T
-1.4508978,-1.2652613,14,H
-0.2072959,-1.9888375,14,?
-0.09896721,-1.9203147,14,!
1.3965005,-0.6922505,14,x
1.0388181,-0.6367004,14,S
-0.67420906,-0.06480491,14,M
-0.34903237,-0.9051277,14,W
0.6419538,0.29765296,14,B
-0.20050718,-0.2376545,14,F
-1.4853592,-0.33165634,14,j
0.48188838,1.9340898,14,‐
-1.0689474,0.21353173,14,G
0.39294878,-1.0437067,14,Y
-0.82653713,-0.40136063,14,P
-1.9683845,-0.20724279,14,q
0.52614266,1.9207193,14,—
0.7939132,-1.8089938,14,;
-0.18666308,-0.18727586,14,K
0.10286118,-0.6664353,14,D
-1.7711422,0.5087318,14,O
-1.0010461,-0.43763518,14,z
0.45664474,1.4777079,14,‘
0.9464055,0.024289886,14,N
0.29291436,0.06313408,14,C
-0.21851423,0.08702795,14,L
1.2595817,1.372757,14,_
-1.0112891,0.07446526,14,R
0.33482364,-1.8726084,14,:
-1.819602,0.78014356,14,E
1.3278162,0.26260242,14,V
0.7324948,1.8199161,14,(
1.020986,-0.72526306,14,)
-0.3704991,0.23475495,14,Z
-1.370445,-0.50432163,14,J
1.9265059,0.4448571,14,U
0.7349761,-0.0068340087,14,ï
-0.7466377,1.5709879,14,ü
-0.5502049,-1.8068833,14,-
0.0,0.0,14,~
0.5763304,1.9151611,15, 
1.938777,-0.04645533,15,e
1.3097094,-1.2208093,15,t
-1.8863435,0.52478045,15,o
-0.6377567,0.81872976,15,a
0.6750991,-0.029634042,15,n
-0.9701177,-1.106682,15,h
-0.75427294,1.8249141,15,i
1.053741,-0.5734769,15,s
-0.9622634,-0.08581738,15,r
-0.05270635,-0.6433447,15,d
-0.40041262,-0.051389925,15,l
-0.97332436,1.3519597,15,u
-0.7012938,-0.6167074,15,m
0.49475542,-0.9116111,15,y
-0.37072092,-0.86710435,15,w
0.3683142,-0.18629557,15,c
0.1715096,-0.2130999,15,f
0.88110536,-1.7495805,15,","
-0.024247445,-0.4103779,15,g
-0.13631645,-1.992913,15,.
-0.8124891,-0.35742387,15,p
-1.8561912,-0.63749325,15,b
-1.3989824,-0.92120284,15,v
-1.0295389,-0.6263957,15,k
1.6365029,1.0968349,15,I
0.87585324,0.21676087,15,’
0.49397078,1.4759239,15,“
0.63516104,-1.421124,15,”
1.8949114,0.44967175,15,A
1.2851738,-1.3752033,15,T
-1.1821537,-1.3500501,15,H
-0.15102497,-1.9942898,15,?
-0.04407183,-1.9970584,15,!
1.147757,-0.8642449,15,x
0.9986327,-0.63636804,15,S
-0.6308009,-0.03903273,15,M
-0.34281796,-1.0359935,15,W
0.47987345,0.52736676,15,B
-0.1656625,-0.2530259,15,F
-1.3009751,-0.31139955,15,j
0.25658476,1.9034134,15,‐
-1.0868257,0.28085548,15,G
0.39128244,-0.9588832,15,Y
-0.82606584,-0.52830184,15,P
-1.9906441,-0.193225,15,q
0.40176797,1.948138,15,—
0.76443136,-1.7946932,15,;
-0.15208022,-0.17249621,15,K
0.01317822,-0.6376326,15,D
-1.5655551,0.5654571,15,O
-1.0043398,-0.46852642,15,z
0.3632277,1.6752529,15,‘
0.56711495,-0.6279032,15,N
0.38119587,-0.03514868,15,C
-0.3374086,-0.07767863,15,L
1.757765,0.89075863,15,_
-1.1083673,0.032692168,15,R
0.4371687,-1.9026096,15,:
-1.939278,0.3948151,15,E
1.3942833,0.07006821,15,V
0.8716318,1.5240456,15,(
1.137592,-0.5886766,15,)
-1.1688888,0.65900075,15,Z
-1.0632353,-0.28988016,15,J
1.5165335,0.10454048,15,U
1.5897874,-0.30827639,15,ï
0.45159695,0.41886455,15,ü
-0.80059254,-1.7389723,15,-
0.0,0.0,15,~
0.6469639,1.8723899,16, 
1.9724824,-0.011078825,16,e
1.2552058,-1.1924664,16,t
-1.9187963,0.49353635,16,o
-0.66045487,0.82888424,16,a
0.6740865,-0.0107900165,16,n
-1.0063903,-1.0876024,16,h
-0.79092336,1.8141916,16,i
1.0468467,-0.5372959,16,s
-0.9838658,-0.11671226,16,r
-0.045988034,-0.65502536,16,d
-0.3892708,-0.050771546,16,l
-1.0630977,1.3412476,16,u
-0.65851456,-0.6171769,16,m
0.58937705,-0.9473013,16,y
-0.37319213,-0.9273186,16,w
0.33420217,-0.14470978,16,c
0.117142074,-0.21394254,16,f
0.82639,-1.803531,16,","
-0.027705628,-0.40214458,16,g
-0.15790384,-1.9937568,16,.
-0.7563023,-0.27445585,16,p
-1.8683231,-0.67550033,16,b
-1.5006796,-0.86762196,16,v
-1.0561888,-0.5751514,16,k
1.6766185,1.0419286,16,I
0.938134,0.10420275,16,’
0.4088919,1.4634261,16,“
0.54526734,-1.4569249,16,”
1.9074266,0.52806807,16,A
1.494981,-1.2236071,16,T
-1.3765596,-1.3186922,16,H
-0.1594548,-1.9936334,16,?
-0.055415127,-1.9992323,16,!
1.3583447,-0.92199093,16,x
1.0708507,-0.777749,16,S
-0.6791432,-0.052189667,16,M
-0.22968158,-1.0362588,16,W
0.52567136,0.347516,16,B
-0.07784144,-0.22596177,16,F
-1.4960167,-0.33726934,16,j
0.3734065,1.8404015,16,‐
-0.91494715,0.067250736,16,G
0.3541125,-0.94697225,16,Y
-0.8695978,-0.4294526,16,P
-1.9961054,-0.1247496,16,q
0.53733975,1.8684652,16,—
0.7390195,-1.8584536,16,;
-0.09865442,-0.21646428,16,K
-0.03605592,-0.6576342,16,D
-1.6421164,0.6531914,16,O
-0.98567325,-0.3115894,16,z
0.5054726,1.574118,16,‘
-0.4201991,-0.34676072,16,N
0.43347585,0.0018483081,16,C
-0.28545833,0.22496083,16,L
1.1127753,1.5434239,16,_
-0.94433665,0.065613,16,R
0.46673605,-1.8649138,16,:
-1.8889843,0.59376204,16,E
1.3531889,0.23212105,16,V
0.68598545,1.8704306,16,(
0.50370276,-0.9703164,16,)
-0.3496906,-0.008412795,16,Z
-1.3117772,-0.2702503,16,J
1.9830136,0.26010805,16,U
1.8627682,0.05366542,16,ï
1.6227133,0.0039090146,16,ü
-0.8321177,-1.6504256,16,-
0.0,0.0,16,~
0.5743253,1.8767098,17, 
1.9571081,-0.04442057,17,e
1.2359747,-1.2409438,17,t
-1.9159598,0.49731997,17,o
-0.6809102,0.82862735,17,a
0.66171616,-0.024403581,17,n
-0.95501333,-1.0708746,17,h
-0.8365295,1.8083081,17,i
1.0652666,-0.55043167,17,s
-0.91989106,-0.16116951,17,r
-0.056244757,-0.6296326,17,d
-0.41523698,-0.046614055,17,l
-0.9999002,1.3946949,17,u
-0.6754121,-0.6155424,17,m
0.53489953,-0.95208627,17,y
-0.3168587,-0.9280937,17,w
0.3797815,-0.19304508,17,c
0.14413597,-0.25134063,17,f
0.9240671,-1.7416397,17,","
-0.010912755,-0.4496716,17,g
-0.08112071,-1.9983542,17,.
-0.7423449,-0.3165493,17,p
-1.8149457,-0.6543158,17,b
-1.51127,-0.8526685,17,v
-1.0056815,-0.56387925,17,k
1.6292533,1.1482012,17,I
0.95822996,0.26181754,17,’
0.46602163,1.4509723,17,“
0.6088053,-1.4321134,17,”
1.9368546,0.4985922,17,A
1.3844248,-1.3271406,17,T
-1.2122803,-1.4148723,17,H
-0.026501168,-1.9970144,17,?
-0.11845774,-1.9661701,17,!
1.1997862,-0.75455725,17,x
0.9623534,-0.61447805,17,S
-0.67501837,-0.08589669,17,M
-0.32933354,-1.0808754,17,W
0.6294384,0.36638424,17,B
0.04057283,-0.095888644,17,F
-1.2353303,-0.4543049,17,j
0.29261068,1.8892837,17,‐
-1.052006,0.27520853,17,G
0.3893332,-1.0416476,17,Y
-0.9050821,-0.4441577,17,P
-1.9936317,-0.15947522,17,q
0.5507463,1.7108513,17,—
0.97308844,-1.67642,17,;
-0.106893316,-0.15850739,17,K
0.07583626,-0.6783487,17,D
-1.7671267,0.56120646,17,O
-1.0457277,-0.5282843,17,z
0.2526837,1.6955689,17,‘
-1.0395561,0.20189847,17,N
0.34007338,0.0040801107,17,C
-0.2560461,-0.021472324,17,L
0.9227992,0.9496345,17,_
-1.2004422,0.11828522,17,R
0.3856138,-1.9262284,17,:
-1.9703938,0.34285143,17,E
1.3692743,0.28273836,17,V
0.75909644,1.8465192,17,(
0.41076216,-0.83214486,17,)
-0.75958836,-0.35244858,17,Z
-1.3903472,-0.08889388,17,J
1.3501841,0.76219696,17,U
1.8546216,0.14880508,17,ï
1.4446372,-0.0212943,17,ü
-0.7056517,-1.6294253,17,-
0.0,0.0,17,~
0.58906406,1.8996388,18, 
1.9578823,-0.050809577,18,e
1.2841059,-1.1824207,18,t
-1.8683897,0.48501548,18,o
-0.64760107,0.81674325,18,a
0.6502211,0.014657069,18,n
-0.87364495,-1.0765243,18,h
-0.8142331,1.8128521,18,i
1.0999401,-0.55210656,18,s
-0.9487718,-0.14665191,18,r
0.047521804,-0.6545587,18,d
-0.40807736,-0.10257508,18,l
-1.0465884,1.2879848,18,u
-0.6466376,-0.60182667,18,m
0.56604177,-0.94052076,18,y
-0.36435696,-0.8801492,18,w
0.33179837,-0.1827812,18,c
0.19344272,-0.20613512,18,f
0.875173,-1.7638519,18,","
-0.035081886,-0.41957405,18,g
-0.14715308,-1.9544947,18,.
-0.8207763,-0.36933163,18,p
-1.8854002,-0.6448158,18,b
-1.448458,-0.9338269,18,v
-1.0166996,-0.58627766,18,k
1.5725576,1.0646962,18,I
0.9392616,0.21196936,18,’
0.43617532,1.4634689,18,“
0.5887166,-1.3990299,18,”
1.9174881,0.5677189,18,A
1.450032,-1.2786841,18,T
-1.2284513,-1.3214568,18,H
-0.0799212,-1.9835823,18,?
-0.022069367,-1.9782054,18,!
1.2034622,-1.0161781,18,x
1.1112127,-0.6252923,18,S
-0.7153683,-0.012484435,18,M
-0.31389225,-0.98260534,18,W
0.5486972,0.41629338,18,B
0.024423052,-0.018991122,18,F
-1.4057821,-0.3204398,18,j
0.49236217,1.9384477,18,‐
-1.0880945,0.26249653,18,G
0.2919786,-0.93196976,18,Y
-0.883878,-0.41884956,18,P
-1.9580181,-0.17774336,18,q
0.7813474,1.8410583,18,—
1.0156739,-1.7229062,18,;
-0.16573861,-0.22490583,18,K
0.14350049,-0.65796024,18,D
-1.5893778,0.5681623,18,O
-0.981731,-0.5976107,18,z
0.3471201,1.4726403,18,‘
-1.000282,0.1367354,18,N
0.51268697,0.18990935,18,C
-0.3515022,0.2362991,18,L
1.1945484,1.4110209,18,_
-1.10907,0.1546488,18,R
0.4485922,-1.8911021,18,:
-1.878959,0.5304148,18,E
1.398853,0.25299692,18,V
0.48545912,1.6043048,18,(
0.5869988,-1.118154,18,)
-0.39801258,0.07576748,18,Z
-1.1278589,-0.43157133,18,J
1.8286405,-0.29549837,18,U
1.8773996,-0.1532206,18,ï
1.4737804,-0.0068097604,18,ü
-0.116019465,-1.9867008,18,-
0.0,0.0,18,~
0.6106577,1.9044937,19, 
1.9994159,-0.024837572,19,e
1.335529,-1.166161,19,t
-1.9169827,0.5007346,19,o
-0.6594181,0.82364076,19,a
0.63879573,-0.0072337934,19,n
-0.9213972,-1.0895786,19,h
-0.7816779,1.7480742,19,i
1.1075051,-0.5775589,19,s
-0.930578,-0.17540455,19,r
-0.03474125,-0.6379821,19,d
-0.31188923,-0.022864386,19,l
-1.0948935,1.3413622,19,u
-0.68126553,-0.6000694,19,m
0.53406036,-0.92285705,19,y
-0.28353453,-0.9937908,19,w
0.31159896,-0.15286382,19,c
0.2141309,-0.14573485,19,f
0.863356,-1.7868052,19,","
0.009475149,-0.39812833,19,g
-0.11459246,-1.9967142,19,.
-0.7495654,-0.3305344,19,p
-1.8491633,-0.652097,19,b
-1.4783419,-0.88200635,19,v
-1.0043651,-0.64556783,19,k
1.5658501,1.0848181,19,I
0.8819432,0.27196237,19,’
0.48550165,1.5483433,19,“
0.57477283,-1.479905,19,”
1.9403527,0.4662666,19,A
1.3586212,-1.2549015,19,T
-1.4484397,-1.3425233,19,H
-0.17070913,-1.992701,19,?
0.033827737,-1.8338162,19,!
1.1756788,-0.61353326,19,x
0.92056835,-0.59461206,19,S
-0.76667196,0.0056161364,19,M
-0.15526992,-1.1108843,19,W
0.5473034,0.38190258,19,B
0.048310723,0.10261523,19,F
-1.4612987,-0.35435006,19,j
0.22224948,1.8391386,19,‐
-1.105222,0.29043615,19,G
0.33997288,-0.92661566,19,Y
-0.8984566,-0.45211926,19,P
-1.9873778,-0.19230114,19,q
0.5996806,1.8679013,19,—
0.911761,-1.6231042,19,;
-0.09266484,-0.21856254,19,K
0.06349162,-0.68357044,19,D
-1.5745709,0.6413916,19,O
-1.1498286,-0.4391812,19,z
0.3506637,1.8148156,19,‘
-1.1211039,0.10547101,19,N
0.34162253,0.054199357,19,C
-0.32681596,0.15693647,19,L
0.90600836,1.6803778,19,_
-1.0366976,-0.037488658,19,R
0.52148145,-1.7884537,19,:
-1.9372153,0.4971886,19,E
1.4672155,-0.3072881,19,V
0.5089246,1.7631347,19,(
0.6051506,-1.1076592,19,)
-0.43039018,0.092686765,19,Z
-1.3302124,-0.26566723,19,J
1.4866728,0.92901015,19,U
1.4492551,0.1610846,19,ï
1.6216476,-0.06747259,19,ü
-0.4436054,-1.432541,19,-
0.0,0.0,19,~
0.548451,1.9233307,20, 
1.9252592,-0.031514212,20,e
1.3097686,-1.1970745,20,t
-1.8764007,0.47872093,20,o
-0.7016529,0.8362909,20,a
0.6791686,-0.028412592,20,n
-1.0259145,-1.1105362,20,h
-0.81967586,1.7500727,20,i
1.0070628,-0.53520733,20,s
-0.9738231,-0.16215661,20,r
0.0006700526,-0.6283578,20,d
-0.33203793,-0.063927606,20,l
-0.9411854,1.3584042,20,u
-0.6996734,-0.65718937,20,m
0.48295382,-0.9101671,20,y
-0.33240953,-0.8967644,20,w
0.3799767,-0.1308967,20,c
0.1275795,-0.23941517,20,f
0.9428678,-1.744168,20,","
0.054093752,-0.43954673,20,g
-0.1387026,-1.9808509,20,.
-0.80641574,-0.34850717,20,p
-1.8299704,-0.71536416,20,b
-1.4080248,-0.89556116,20,v
-1.0665255,-0.6666329,20,k
1.5582417,1.045754,20,I
0.90280163,0.28965497,20,’
0.35532483,1.38507,20,“
0.68971443,-1.5048106,20,”
1.832474,0.4888873,20,A
1.382283,-1.224076,20,T
-1.3998853,-1.4218893,20,H
-0.14483738,-1.9924426,20,?
0.06099691,-1.6628531,20,!
1.2654098,-0.9082727,20,x
0.9448239,-0.5861529,20,S
-0.6046056,0.3004486,20,M
-0.27472198,-1.055558,20,W
0.51994777,0.38151518,20,B
0.17196873,0.3401552,20,F
-1.4613602,-0.3626351,20,j
0.19546397,1.717684,20,‐
-1.1455313,0.34090537,20,G
0.4216294,-1.0366597,20,Y
-0.35715115,0.34350333,20,P
-1.9867982,-0.22941859,20,q
0.6473347,1.8663698,20,—
0.9216819,-1.656226,20,;
-0.09351588,-0.19006558,20,K
0.06683587,-0.6641026,20,D
-1.7078975,0.49337265,20,O
-1.1529161,-0.32981902,20,z
0.33886147,1.4411756,20,‘
-1.1627084,-0.01742782,20,N
0.33008566,-0.058997266,20,C
-0.20761687,0.055115588,20,L
1.2630715,1.4402055,20,_
-1.0441113,-0.10632178,20,R
0.38948134,-1.9168835,20,:
-1.9030173,0.3726696,20,E
1.5548983,0.08587154,20,V
0.41308984,1.6405095,20,(
0.60039383,-1.0699588,20,)
-0.85097003,1.1400479,20,Z
-1.3295785,-0.4461623,20,J
1.5663257,0.45470124,20,U
1.9724735,-0.20421228,20,ï
0.8637602,-0.018203652,20,ü
-0.24883321,-0.5211977,20,-
0.0,0.0,20,~
0.63008434,1.8818105,21, 
1.9673809,-0.0060106814,21,e
1.2873348,-1.1624647,21,t
-1.9252702,0.4532197,21,o
-0.67417955,0.82669467,21,a
0.69679797,0.003332216,21,n
-0.9116797,-1.1211821,21,h
-0.7665167,1.7587835,21,i
1.0614345,-0.52871174,21,s
-0.9390808,-0.15213577,21,r
0.006916587,-0.66980994,21,d
-0.41420934,-0.03660544,21,l
-1.036683,1.371834,21,u
-0.66403306,-0.6183044,21,m
0.5316332,-1.0018374,21,y
-0.34527442,-0.93908876,21,w
0.4125448,-0.0915195,21,c
0.13200495,-0.20320418,21,f
0.8297106,-1.7754936,21,","
-0.008799366,-0.3931199,21,g
-0.13056199,-1.9957339,21,.
-0.7767307,-0.32252118,21,p
-1.867575,-0.68140066,21,b
-1.3913208,-0.89973056,21,v
-1.026764,-0.62225294,21,k
1.5177658,1.1092192,21,I
0.92427564,0.3326861,21,’
0.46653235,1.456809,21,“
0.4376186,-1.2646109,21,”
1.8042673,0.46546316,21,A
1.6009117,-1.0607147,21,T
-1.2102029,-1.1866236,21,H
0.028915418,-1.9997908,21,?
-0.062862806,-1.9799594,21,!
1.3915642,-0.83023226,21,x
0.9619725,-0.6719752,21,S
-0.5558693,0.3628105,21,M
-0.34370127,-1.033745,21,W
0.46610507,0.5085811,21,B
-0.0021183258,-0.024068063,21,F
-1.3634473,-0.3958254,21,j
0.20360741,1.9746374,21,‐
-1.0508771,0.073109485,21,G
0.39797664,-1.0240556,21,Y
-0.8329347,-0.51603794,21,P
-1.9722313,-0.33212015,21,q
0.67754775,1.6719695,21,—
0.8737487,-1.799045,21,;
-0.14359896,-0.20969214,21,K
0.09763447,-0.66331935,21,D
-1.5718015,0.8767879,21,O
-1.0685943,-0.5392485,21,z
0.42328978,1.6105857,21,‘
-0.9826143,0.12666333,21,N
-0.36202523,-0.013692513,21,C
-0.24082258,0.06592733,21,L
1.4240873,1.1538148,21,_
-1.1824907,0.0068967533,21,R
0.6529451,-1.6428937,21,:
-1.9353545,0.48863828,21,E
1.5047445,0.52224267,21,V
0.7054175,1.6155995,21,(
0.8683435,-1.3085957,21,)
-0.56893396,0.23577212,21,Z
-1.2959988,-0.26843122,21,J
1.9676073,-0.23035382,21,U
1.5217326,0.14749889,21,ï
1.5953414,0.002042357,21,ü
0.11091023,-0.962674,21,-
0.0,0.0,21,~
0.5904756,1.9108475,22, 
1.9795296,0.0047293515,22,e
1.2995284,-1.1892086,22,t
-1.9152805,0.45984033,22,o
-0.69166076,0.8336187,22,a
0.7113954,-0.023097198,22,n
-0.91120595,-1.1319822,22,h
-0.83692735,1.8149781,22,i
1.0429904,-0.5583937,22,s
-0.94653445,-0.17072238,22,r
0.028200675,-0.6638459,22,d
-0.3742127,-0.052019924,22,l
-1.0990779,1.3662534,22,u
-0.6977234,-0.62022924,22,m
0.52256155,-0.98579437,22,y
-0.33921155,-0.9225449,22,w
0.3575461,-0.15663551,22,c
0.17450552,-0.23882066,22,f
0.9091726,-1.7388248,22,","
0.0028031198,-0.39349562,22,g
0.01250548,-1.9974772,22,.
-0.7709064,-0.32341397,22,p
-1.7866502,-0.67529345,22,b
-1.4976873,-0.8842784,22,v
-1.0141758,-0.6322574,22,k
1.5469292,1.1264008,22,I
0.9263587,0.3079244,22,’
0.37984705,1.542627,22,“
0.8546227,-1.4429164,22,”
1.7037656,0.5060866,22,A
1.5105721,-1.2276689,22,T
-1.1615199,-1.3348476,22,H
-0.15026899,-1.9808941,22,?
0.08968913,-1.9709201,22,!
1.7698313,-0.85664093,22,x
1.016,-0.74298364,22,S
-0.57600653,0.2751692,22,M
-0.3055345,-0.9857206,22,W
0.4816176,0.5483382,22,B
0.011507699,-0.053024396,22,F
-1.4521964,-0.3895809,22,j
0.08826617,1.6795768,22,‐
-1.140695,0.20847234,22,G
0.782751,-0.38132596,22,Y
-0.80568165,-0.4624152,22,P
-1.9668721,-0.24032071,22,q
0.5979668,1.9085165,22,—
0.94815516,-1.7234037,22,;
-0.10035695,-0.14354023,22,K
0.08473866,-0.6797774,22,D
-1.7421287,0.6165646,22,O
-0.9539923,-0.42192015,22,z
0.44972295,1.4354193,22,‘
-1.1898477,-0.14689663,22,N
-0.4420886,-0.13605033,22,C
-0.48595855,-0.04107164,22,L
1.6749141,0.9806233,22,_
-1.4965439,0.2293401,22,R
0.764235,-1.7378298,22,:
-1.9133074,0.41486448,22,E
0.8127092,0.11225304,22,V
0.9215595,1.5443627,22,(
0.7606933,-0.8765769,22,)
-0.3443057,0.4623381,22,Z
-0.2123515,-0.56334287,22,J
1.8301114,0.52242845,22,U
1.3664939,0.8249974,22,ï
1.4092861,0.32235137,22,ü
1.0236824,-1.027548,22,-
0.0,0.0,22,~
0.56487113,1.8414482,23, 
1.9396756,-0.017177926,23,e
1.2905889,-1.1155504,23,t
-1.9365366,0.4388156,23,o
-0.728928,0.8388936,23,a
0.7061289,-0.005606713,23,n
-0.9253908,-1.0787777,23,h
-0.78606457,1.7779655,23,i
1.0354037,-0.538471,23,s
-0.925731,-0.17040451,23,r
-0.037653454,-0.6556057,23,d
-0.38463014,-0.07410143,23,l
-1.0427549,1.2874112,23,u
-0.65476644,-0.62678957,23,m
0.53351104,-0.98141164,23,y
-0.31059736,-0.9244009,23,w
0.38214445,-0.146541,23,c
0.15779744,-0.19966969,23,f
0.83139944,-1.7993724,23,","
0.063535996,-0.41335037,23,g
-0.094090104,-1.9977856,23,.
-0.7857531,-0.30254745,23,p
-1.8511803,-0.6533858,23,b
-1.4373965,-0.9687142,23,v
-1.0093541,-0.64394945,23,k
1.5480303,1.1200207,23,I
0.8555927,0.33051282,23,’
0.4195643,1.4719993,23,“
0.6829138,-1.3443004,23,”
1.710005,0.5129578,23,A
1.4141319,-1.3139014,23,T
-1.1886364,-1.2809424,23,H
-0.15561341,-1.9939368,23,?
-0.11314534,-1.996797,23,!
1.322069,-0.79275125,23,x
1.04752,-0.7017162,23,S
-0.5411052,0.25914377,23,M
-0.26114544,-1.0967058,23,W
0.54245013,0.35531655,23,B
0.10763253,0.32515496,23,F
-1.3668244,-0.3596229,23,j
0.21924992,1.8045213,23,‐
-1.2147554,0.28966388,23,G
0.42186165,-0.97702193,23,Y
-0.618139,-1.5234712,23,P
-1.9632621,-0.23453279,23,q
0.542879,1.8400044,23,—
0.90554965,-1.6655864,23,;
-0.18043724,-0.11630273,23,K
0.060792223,-0.6412457,23,D
-1.7373976,0.62464535,23,O
-0.8259471,-0.37729624,23,z
0.33197233,1.7191925,23,‘
-1.1541015,0.037033107,23,N
0.33552957,-0.05831751,23,C
-0.19101213,0.16239153,23,L
1.0027753,1.4154361,23,_
-0.8926098,0.1799952,23,R
0.30247515,-1.9031166,23,:
-1.8620003,0.16046436,23,E
1.4481708,0.25802556,23,V
0.32108894,1.6407038,23,(
0.7926587,-0.5220051,23,)
-1.0277507,0.699757,23,Z
-0.45338693,-0.34025994,23,J
1.9655042,-0.17534913,23,U
1.1767186,0.21571001,23,ï
1.6932462,1.0643858,23,ü
1.1704763,-1.4995158,23,-
0.0,0.0,23,~
0.5018229,1.8730072,24, 
1.9430269,-0.004898633,24,e
1.3201605,-1.1592036,24,t
-1.9342722,0.43015885,24,o
-0.7444437,0.8026562,24,a
0.6534547,-0.0021088412,24,n
-0.8703988,-1.20983,24,h
-0.84273386,1.706335,24,i
1.0578744,-0.5420255,24,s
-0.95324755,-0.15847544,24,r
0.0020691068,-0.6543713,24,d
-0.3991122,-0.080460384,24,l
-0.99229574,1.3195193,24,u
-0.63090974,-0.6033605,24,m
0.49821022,-0.97875506,24,y
-0.35296848,-0.9775324,24,w
0.35775864,-0.14121689,24,c
0.17046246,-0.21650663,24,f
0.9170306,-1.777373,24,","
0.040716626,-0.42194322,24,g
0.008875838,-1.9972198,24,.
-0.7886652,-0.42649195,24,p
-1.8329649,-0.73534757,24,b
-1.4130671,-0.9653942,24,v
-0.98140806,-0.62896144,24,k
1.6172597,1.0748401,24,I
0.81366414,0.27477527,24,’
0.39652616,1.4673228,24,“
0.8740203,-1.7591891,24,”
1.8631645,0.5726026,24,A
1.5301471,-1.2878858,24,T
-1.0866439,-1.3443762,24,H
-0.10794385,-1.9970849,24,?
0.035811506,-1.9996793,24,!
1.3335736,-0.90312576,24,x
0.978823,-0.69685584,24,S
-0.6594538,0.26079977,24,M
-0.4460083,-0.20628794,24,W
0.49762875,0.23752661,24,B
0.014124961,-0.07198957,24,F
-1.4970918,-0.43744722,24,j
0.04985789,1.946007,24,‐
-1.085055,0.15520255,24,G
0.47491658,-0.8844142,24,Y
0.39678055,0.5847739,24,P
-1.936612,-0.26313323,24,q
0.43174633,1.872772,24,—
0.8688057,-1.7557708,24,;
-0.24662891,-0.21733941,24,K
0.095923334,-0.65102774,24,D
-1.6434189,0.5653367,24,O
-0.8218033,-0.35743743,24,z
0.42285356,1.5187758,24,‘
-0.9099971,0.12792972,24,N
0.36548793,0.041483358,24,C
-0.34446588,0.14261667,24,L
1.3224016,1.2367722,24,_
-0.9902767,0.025158562,24,R
0.3412906,-1.8418674,24,:
-1.9097515,0.3568413,24,E
1.3645447,0.3637724,24,V
0.12537804,1.7177423,24,(
0.42493325,-0.86705136,24,)
-0.2676796,-0.1540554,24,Z
-1.0110283,-0.4370051,24,J
1.5954098,0.57154113,24,U
0.9577627,1.422041,24,ï
1.5423322,1.1830552,24,ü
0.46193355,-1.0231715,24,-
0.0,0.0,24,~
0.5576327,1.8591152,25, 
1.9409477,0.0057919603,25,e
1.3225936,-1.1807796,25,t
-1.9431131,0.34060445,25,o
-0.71505755,0.8010865,25,a
0.720139,-0.011556507,25,n
-0.887016,-1.2242253,25,h
-0.86029375,1.7509094,25,i
1.0757203,-0.53858715,25,s
-0.93981224,-0.133668,25,r
0.009235593,-0.70221597,25,d
-0.41580653,-0.09034528,25,l
-1.0689782,1.3288374,25,u
-0.64393973,-0.6621902,25,m
0.41991153,-1.1131063,25,y
-0.3290687,-0.9591956,25,w
0.37286517,-0.0869568,25,c
0.15875305,-0.17936559,25,f
0.8918082,-1.7504133,25,","
0.07614908,-0.4609914,25,g
-0.19499324,-1.8128009,25,.
-0.7596211,-0.30926862,25,p
-1.773267,-0.7253917,25,b
-1.4824573,-0.9591907,25,v
-1.0020162,-0.67055804,25,k
1.5487473,1.0568353,25,I
0.9220292,0.35645717,25,’
0.35546762,1.5819404,25,“
0.71377736,-1.5632107,25,”
1.9137013,0.58115995,25,A
1.544592,-1.2350945,25,T
-1.1993333,-1.519569,25,H
-0.14425032,-1.9724818,25,?
-0.027664097,-1.9965093,25,!
1.2968789,-0.8226718,25,x
1.0411575,-0.5045642,25,S
-0.649095,0.31203076,25,M
-0.27329132,-0.9750915,25,W
0.5451505,0.56081307,25,B
0.049140204,0.15590549,25,F
-1.3816398,-0.44435748,25,j
0.30114225,1.7204719,25,‐
-1.204293,0.18762031,25,G
0.43727317,-1.0299381,25,Y
-0.22673418,0.20546678,25,P
-1.9946597,-0.1460555,25,q
0.63687986,1.7884185,25,—
1.0958936,-1.642443,25,;
-0.19299556,-0.18730962,25,K
0.06034071,-0.68410164,25,D
-1.8897953,0.51028895,25,O
-1.0002174,-0.81825036,25,z
0.5551472,1.6515304,25,‘
-1.109466,0.09792495,25,N
-0.4884731,-0.19636229,25,C
-0.29739493,0.090623416,25,L
0.97050524,1.3201551,25,_
-1.071722,0.104343265,25,R
0.385195,-1.4311352,25,:
-1.8908134,0.32199043,25,E
1.4221001,0.4615587,25,V
0.7234547,1.7441455,25,(
0.58944184,-0.8978855,25,)
-0.47409135,0.1453747,25,Z
-1.2111328,-0.14386804,25,J
1.0186054,0.79479766,25,U
1.8261552,0.37905383,25,ï
1.5161381,1.1470332,25,ü
0.9889743,-0.92680216,25,-
0.0,0.0,25,~
